{"cameraMode":{"drawMode":0,"name":"Shaded","section":"Shading Mode"},"sceneLighting":false,"audioPlay":false,"sceneViewState":{"showFog":true,"showMaterialUpdate":true,"showSkybox":false,"showFlares":true,"showImageEffects":true,"showParticleSystems":true},"in2DMode":false,"pivot":{"x":59.358116149902347,"y":3.239401340484619,"z":15.486156463623047},"rotation":{"x":0.012856549583375454,"y":0.9337725639343262,"z":0.03362038731575012,"w":-0.35626742243766787},"size":3.7857184410095217,"orthographic":false}