{"cameraMode":{"drawMode":0,"name":"Shaded","section":"Shading Mode"},"sceneLighting":false,"audioPlay":false,"sceneViewState":{"showFog":true,"showMaterialUpdate":true,"showSkybox":false,"showFlares":true,"showImageEffects":true,"showParticleSystems":true},"in2DMode":false,"pivot":{"x":-40.241085052490237,"y":1.4651824235916138,"z":50.50867462158203},"rotation":{"x":0.038462184369564059,"y":-0.9427232146263123,"z":0.11540234833955765,"w":0.31182387471199038},"size":3.7268598079681398,"orthographic":false}