{"cameraMode":{"drawMode":0,"name":"Shaded","section":"Shading Mode"},"sceneLighting":false,"audioPlay":false,"sceneViewState":{"showFog":true,"showMaterialUpdate":true,"showSkybox":false,"showFlares":true,"showImageEffects":true,"showParticleSystems":true},"in2DMode":false,"pivot":{"x":-0.6671242117881775,"y":-0.4802277088165283,"z":0.2804771065711975},"rotation":{"x":0.27798953652381899,"y":-0.644866943359375,"z":0.27260756492614748,"w":0.6577855348587036},"size":0.7435337901115418,"orthographic":false}