{"cameraMode":{"drawMode":0,"name":"Shaded","section":"Shading Mode"},"sceneLighting":false,"audioPlay":false,"sceneViewState":{"showFog":true,"showMaterialUpdate":true,"showSkybox":false,"showFlares":true,"showImageEffects":true,"showParticleSystems":true},"in2DMode":false,"pivot":{"x":-3.3462448120117189,"y":-1.4084744453430176,"z":20.565683364868165},"rotation":{"x":0.41263625025749209,"y":0.3832423985004425,"z":-0.19702120125293733,"w":0.8025535345077515},"size":7.598964214324951,"orthographic":false}