{"cameraMode":{"drawMode":0,"name":"Shaded","section":"Shading Mode"},"sceneLighting":true,"audioPlay":false,"sceneViewState":{"showFog":true,"showMaterialUpdate":true,"showSkybox":false,"showFlares":true,"showImageEffects":true,"showParticleSystems":true},"in2DMode":false,"pivot":{"x":48.63382339477539,"y":-0.37584760785102847,"z":-6.966446399688721},"rotation":{"x":0.18111585080623628,"y":0.8094013929367065,"z":-0.32054728269577029,"w":0.4583243429660797},"size":1.5994560718536378,"orthographic":false}