{"cameraMode":{"drawMode":0,"name":"Shaded","section":"Shading Mode"},"sceneLighting":true,"audioPlay":false,"sceneViewState":{"showFog":true,"showMaterialUpdate":true,"showSkybox":false,"showFlares":true,"showImageEffects":true,"showParticleSystems":true},"in2DMode":false,"pivot":{"x":67.9950180053711,"y":-0.08816084265708924,"z":-10.45100212097168},"rotation":{"x":0.010908825322985649,"y":-0.9816871285438538,"z":0.1810717135667801,"w":0.05926503241062164},"size":0.7857632040977478,"orthographic":false}