{"cameraMode":{"drawMode":0,"name":"Shaded","section":"Shading Mode"},"sceneLighting":false,"audioPlay":false,"sceneViewState":{"showFog":true,"showMaterialUpdate":true,"showSkybox":false,"showFlares":true,"showImageEffects":true,"showParticleSystems":true},"in2DMode":false,"pivot":{"x":-20.638545989990236,"y":2.6871304512023927,"z":-28.47942352294922},"rotation":{"x":-0.003461995627731085,"y":-0.9474472403526306,"z":-0.010864020325243473,"w":0.3200821578502655},"size":3.73777174949646,"orthographic":false}