{"cameraMode":{"drawMode":0,"name":"Shaded","section":"Shading Mode"},"sceneLighting":false,"audioPlay":false,"sceneViewState":{"showFog":true,"showMaterialUpdate":true,"showSkybox":false,"showFlares":true,"showImageEffects":true,"showParticleSystems":true},"in2DMode":false,"pivot":{"x":-0.0031256526708602907,"y":0.43750011920928957,"z":-0.5314614772796631},"rotation":{"x":-0.1399441659450531,"y":0.4027114808559418,"z":-0.06259255111217499,"w":-0.9024966359138489},"size":1.287076711654663,"orthographic":false}