{"cameraMode":{"drawMode":0,"name":"Shaded","section":"Shading Mode"},"sceneLighting":false,"audioPlay":false,"sceneViewState":{"showFog":true,"showMaterialUpdate":true,"showSkybox":false,"showFlares":true,"showImageEffects":true,"showParticleSystems":true},"in2DMode":false,"pivot":{"x":32.57374572753906,"y":-5.851278305053711,"z":20.893659591674806},"rotation":{"x":-0.3778863549232483,"y":-0.010266010649502278,"z":0.004218350164592266,"w":-0.9261525273323059},"size":15.229068756103516,"orthographic":false}