{"cameraMode":{"drawMode":0,"name":"Shaded","section":"Shading Mode"},"sceneLighting":false,"audioPlay":false,"sceneViewState":{"showFog":true,"showMaterialUpdate":true,"showSkybox":false,"showFlares":true,"showImageEffects":true,"showParticleSystems":true},"in2DMode":false,"pivot":{"x":-4.42087459564209,"y":2.1848459243774416,"z":15.1146240234375},"rotation":{"x":-0.3426905572414398,"y":-0.2724267244338989,"z":0.10496526211500168,"w":-0.8934035897254944},"size":6.835963249206543,"orthographic":false}