{"cameraMode":{"drawMode":0,"name":"Shaded","section":"Shading Mode"},"sceneLighting":true,"audioPlay":false,"sceneViewState":{"showFog":true,"showMaterialUpdate":true,"showSkybox":false,"showFlares":true,"showImageEffects":true,"showParticleSystems":true},"in2DMode":false,"pivot":{"x":82.08251953125,"y":-2.5076041221618654,"z":13.057275772094727},"rotation":{"x":0.2770249843597412,"y":-0.23143786191940309,"z":0.06897951662540436,"w":0.9300605654716492},"size":12.869539260864258,"orthographic":false}