{"cameraMode":{"drawMode":0,"name":"Shaded","section":"Shading Mode"},"sceneLighting":false,"audioPlay":false,"sceneViewState":{"showFog":true,"showMaterialUpdate":true,"showSkybox":false,"showFlares":true,"showImageEffects":true,"showParticleSystems":true},"in2DMode":false,"pivot":{"x":-0.039000004529953,"y":0.22753486037254334,"z":-0.23999999463558198},"rotation":{"x":-0.0896030142903328,"y":0.7994663715362549,"z":-0.12328242510557175,"w":-0.5810683369636536},"size":0.19037401676177979,"orthographic":true}