{"cameraMode":{"drawMode":0,"name":"Shaded","section":"Shading Mode"},"sceneLighting":true,"audioPlay":false,"sceneViewState":{"showFog":true,"showMaterialUpdate":true,"showSkybox":false,"showFlares":true,"showImageEffects":true,"showParticleSystems":true},"in2DMode":false,"pivot":{"x":0.02519897371530533,"y":0.7090929746627808,"z":-1.6923828125},"rotation":{"x":0.12019479274749756,"y":0.3236629068851471,"z":-0.041492167860269549,"w":0.9375911355018616},"size":2.1491072177886965,"orthographic":true}