{"cameraMode":{"drawMode":0,"name":"Shaded","section":"Shading Mode"},"sceneLighting":false,"audioPlay":false,"sceneViewState":{"showFog":true,"showMaterialUpdate":true,"showSkybox":false,"showFlares":true,"showImageEffects":true,"showParticleSystems":true},"in2DMode":false,"pivot":{"x":13.339128494262696,"y":-47.669532775878909,"z":-67.0675048828125},"rotation":{"x":-0.30884698033332827,"y":0.019560785964131357,"z":-0.005714215338230133,"w":-0.9513392448425293},"size":0.17320354282855988,"orthographic":false}