{"cameraMode":{"drawMode":0,"name":"Shaded","section":"Shading Mode"},"sceneLighting":false,"audioPlay":false,"sceneViewState":{"showFog":true,"showMaterialUpdate":true,"showSkybox":false,"showFlares":true,"showImageEffects":true,"showParticleSystems":true},"in2DMode":false,"pivot":{"x":-0.23474344611167909,"y":0.3124140202999115,"z":-0.32857370376586916},"rotation":{"x":-0.05252841114997864,"y":0.9433700442314148,"z":-0.1819179356098175,"w":-0.27239590883255007},"size":0.9054593443870544,"orthographic":true}