{"cameraMode":{"drawMode":0,"name":"Shaded","section":"Shading Mode"},"sceneLighting":false,"audioPlay":false,"sceneViewState":{"showFog":true,"showMaterialUpdate":true,"showSkybox":false,"showFlares":true,"showImageEffects":true,"showParticleSystems":true},"in2DMode":false,"pivot":{"x":-37.11747360229492,"y":-2.8435521125793459,"z":4.6509528160095219},"rotation":{"x":-0.12661336362361909,"y":0.6986216902732849,"z":-0.12743669748306275,"w":-0.6927416324615479},"size":12.900701522827149,"orthographic":false}