{"cameraMode":{"drawMode":0,"name":"Shaded","section":"Shading Mode"},"sceneLighting":false,"audioPlay":false,"sceneViewState":{"showFog":true,"showMaterialUpdate":true,"showSkybox":false,"showFlares":true,"showImageEffects":true,"showParticleSystems":true},"in2DMode":false,"pivot":{"x":3.2572338581085207,"y":0.3513266444206238,"z":0.00004382431507110596},"rotation":{"x":0.16472946107387544,"y":0.5459547638893127,"z":-0.11100838333368302,"w":0.814367413520813},"size":0.5639535188674927,"orthographic":false}