{"cameraMode":{"drawMode":0,"name":"Shaded","section":"Shading Mode"},"sceneLighting":false,"audioPlay":false,"sceneViewState":{"showFog":true,"showMaterialUpdate":true,"showSkybox":false,"showFlares":true,"showImageEffects":true,"showParticleSystems":true},"in2DMode":false,"pivot":{"x":5.960464477539063e-8,"y":0.050000011920928958,"z":-1.1920928955078126e-7},"rotation":{"x":-0.30884698033332827,"y":0.019560785964131357,"z":-0.005714215338230133,"w":-0.9513392448425293},"size":3.2660281658172609,"orthographic":false}