{"cameraMode":{"drawMode":0,"name":"Shaded","section":"Shading Mode"},"sceneLighting":true,"audioPlay":false,"sceneViewState":{"showFog":true,"showMaterialUpdate":true,"showSkybox":false,"showFlares":true,"showImageEffects":true,"showParticleSystems":true},"in2DMode":false,"pivot":{"x":69.16261291503906,"y":4.405481338500977,"z":41.34425354003906},"rotation":{"x":-0.3503536880016327,"y":-0.051986921578645709,"z":0.019445886835455896,"w":-0.9350453019142151},"size":4.666955471038818,"orthographic":false}