{"cameraMode":{"drawMode":0,"name":"Shaded","section":"Shading Mode"},"sceneLighting":false,"audioPlay":false,"sceneViewState":{"showFog":true,"showMaterialUpdate":true,"showSkybox":false,"showFlares":true,"showImageEffects":true,"showParticleSystems":true},"in2DMode":false,"pivot":{"x":-0.002325505018234253,"y":0.17494650185108186,"z":-0.028252989053726198},"rotation":{"x":0.32032814621925356,"y":-0.15813486278057099,"z":0.054371871054172519,"w":0.9324876070022583},"size":0.3438680171966553,"orthographic":false}