{"cameraMode":{"drawMode":0,"name":"Shaded","section":"Shading Mode"},"sceneLighting":false,"audioPlay":false,"sceneViewState":{"showFog":true,"showMaterialUpdate":true,"showSkybox":false,"showFlares":true,"showImageEffects":true,"showParticleSystems":true},"in2DMode":false,"pivot":{"x":-33.833309173583987,"y":-16.13590431213379,"z":-59.51287841796875},"rotation":{"x":-0.3821769952774048,"y":0.000942711194511503,"z":-0.00009654065797803923,"w":-0.9242206811904907},"size":45.26835250854492,"orthographic":false}