{"cameraMode":{"drawMode":0,"name":"Shaded","section":"Shading Mode"},"sceneLighting":false,"audioPlay":false,"sceneViewState":{"showFog":true,"showMaterialUpdate":true,"showSkybox":false,"showFlares":true,"showImageEffects":true,"showParticleSystems":true},"in2DMode":false,"pivot":{"x":-0.25806403160095217,"y":0.6956948637962341,"z":0.6121829748153687},"rotation":{"x":0.014902522787451744,"y":0.9837102890014648,"z":-0.15212543308734895,"w":0.09836457669734955},"size":0.7758991122245789,"orthographic":false}