{"cameraMode":{"drawMode":0,"name":"Shaded","section":"Shading Mode"},"sceneLighting":false,"audioPlay":false,"sceneViewState":{"showFog":true,"showMaterialUpdate":true,"showSkybox":false,"showFlares":true,"showImageEffects":true,"showParticleSystems":true},"in2DMode":false,"pivot":{"x":60.10060119628906,"y":4.123000144958496,"z":15.890000343322754},"rotation":{"x":-0.015349666588008404,"y":0.8416299819946289,"z":-0.024011697620153428,"w":-0.5394468903541565},"size":4.260921955108643,"orthographic":false}