{"cameraMode":{"drawMode":0,"name":"Shaded","section":"Shading Mode"},"sceneLighting":false,"audioPlay":false,"sceneViewState":{"showFog":true,"showMaterialUpdate":true,"showSkybox":false,"showFlares":true,"showImageEffects":true,"showParticleSystems":true},"in2DMode":false,"pivot":{"x":-46.065555572509769,"y":0.08286353200674057,"z":36.34864807128906},"rotation":{"x":0.1744973361492157,"y":0.8186917304992676,"z":-0.32427170872688296,"w":0.4406988024711609},"size":9.43575382232666,"orthographic":false}