{"cameraMode":{"drawMode":0,"name":"Shaded","section":"Shading Mode"},"sceneLighting":false,"audioPlay":false,"sceneViewState":{"showFog":true,"showMaterialUpdate":true,"showSkybox":false,"showFlares":true,"showImageEffects":true,"showParticleSystems":true},"in2DMode":false,"pivot":{"x":23.270000457763673,"y":-8.398754119873047,"z":9.82197380065918},"rotation":{"x":-0.37140214443206789,"y":0.4961344003677368,"z":-0.24738475680351258,"w":-0.7452501654624939},"size":12.604201316833496,"orthographic":false}