{"cameraMode":{"drawMode":0,"name":"Shaded","section":"Shading Mode"},"sceneLighting":true,"audioPlay":false,"sceneViewState":{"showFog":true,"showMaterialUpdate":true,"showSkybox":false,"showFlares":true,"showImageEffects":true,"showParticleSystems":true},"in2DMode":false,"pivot":{"x":-0.15320146083831788,"y":-0.28853875398635867,"z":1.244321346282959},"rotation":{"x":-0.3048880696296692,"y":0.06277221441268921,"z":-0.020148666575551034,"w":-0.9501718878746033},"size":1.4447331428527833,"orthographic":false}