{"cameraMode":{"drawMode":0,"name":"Shaded","section":"Shading Mode"},"sceneLighting":false,"audioPlay":false,"sceneViewState":{"showFog":true,"showMaterialUpdate":true,"showSkybox":true,"showFlares":true,"showImageEffects":true,"showParticleSystems":true},"in2DMode":false,"pivot":{"x":47.51321792602539,"y":4.400306701660156,"z":-12.177929878234864},"rotation":{"x":0.35246512293815615,"y":0.1299443244934082,"z":-0.04948696866631508,"w":0.9254446625709534},"size":19.047588348388673,"orthographic":false}