{"cameraMode":{"drawMode":0,"name":"Shaded","section":"Shading Mode"},"sceneLighting":false,"audioPlay":false,"sceneViewState":{"showFog":true,"showMaterialUpdate":true,"showSkybox":false,"showFlares":true,"showImageEffects":true,"showParticleSystems":true},"in2DMode":false,"pivot":{"x":-25.695728302001954,"y":-2.6237566471099855,"z":-51.94288635253906},"rotation":{"x":-0.11619817465543747,"y":0.8414561748504639,"z":-0.1996733844280243,"w":-0.4886888265609741},"size":16.48491668701172,"orthographic":false}